{
    "map": 0.37000371237839114,
    "ndcg": 0.5934331682221283,
    "recip_rank": 0.795028067361668
}