{
    "map": 0.391653382043887,
    "ndcg": 0.6073640605382955,
    "recip_rank": 0.8217405029990531
}