{
    "map": 0.43884289609432847,
    "ndcg": 0.6390557335006519,
    "recip_rank": 0.8141477288514046
}